캠페인번호,진행현황,캠페인명,캠페인구분,광고주,대행사,캠페인기간,대행사발행월,발행유형,정산유형,IO상태,담당자,매체,매체상품,진행현황,매체기간,매체발행월,발행유형,정산유형,광고수주액,대행사수수료,대행사수수료율,매체비,매체비율,순매출,순매출비율,인터렙사,인터렙사비율,계산서발행순액,세발여부
,,,,,,,,,,,,,,,,,,,"1,049,561,914","129,202,073",,"850,516,316",,"63,753,186",,"6,090,339",,"130,659,3080",
CP1237,종료,"2025_10월_중흥S더클래스 캠페인",인터렙OUT,중흥에스클래스,라이트하우스유디,20251001~20251119,202510,gross,선발행,완료,김미정,네이버_SA,파워링크,종료,20251001~20251007,202510,gross,정발행,"17,280","691",4%,"14,688",85%,"1,729",10%,"172",1%,"0",N,
CP1237,종료,"2025_10월_중흥S더클래스 캠페인",인터렙OUT,중흥에스클래스,라이트하우스유디,20251001~20251119,202510,net,선발행,완료,김미정,구글,경매형_GDN,종료,20251001~20251030,202510,net,정발행,"8,614,454","1,723,755",20%,"6,030,118",70%,"800,705",9.3%,"59,876",0.7%,"0",N,
CP1237,종료,"2025_10월_중흥S더클래스 캠페인",인터렙OUT,중흥에스클래스,라이트하우스유디,20251001~20251119,202510,gross,선발행,완료,김미정,네이버_GFA,이미지,종료,20251001~20251005,202510,gross,정발행,"1,657,580","149,182",9%,"1,408,943",85%,"82,880",5%,"16,575",1%,"0",N,
CP1237,종료,"2025_10월_중흥S더클래스 캠페인",인터렙OUT,중흥에스클래스,라이트하우스유디,20251001~20251119,202510,net,선발행,완료,김미정,구글,경매형_GDN,종료,20251101~20251102,202511,net,정발행,"436,080","87,216",20%,"305,256",70%,"40,555",9.3%,"3,053",0.7%,"0",N,
CP1237,종료,"2025_10월_중흥S더클래스 캠페인",인터렙OUT,중흥에스클래스,라이트하우스유디,20251001~20251119,202510,gross,선발행,완료,김미정,네이버_NOSP,브랜드검색_PC일반,종료,20251021~20251119,202511,gross,정발행,"1,200,000","108,000",9%,"1,020,000",85%,"60,000",5%,"12,000",1%,"0",N,
CP1231,종료,"2025_10월_SK매직 나무엑스 SNS 캠페인",대행,SK매직,스푼,20251001~20251031,202510,net,정발행,거래명세서,김미정,META,트래픽_이미지,종료,20251001~20251031,202510,net,정발행,"1,153,663","173,049",15%,"922,930",80%,"57,684",5%,"0",0%,"0",N,
CP1230,종료,"2025_10월_아이엠뱅크 네이버 웹툰 제휴 캠페인",인터렙OUT,대구은행,덴츠크리에이티브,20251031~20251031,202510,net,정발행,작성중,김기훈,META,트래픽_이미지,종료,20251031~20251031,202510,net,정발행,"25,707,106","5,141,421",20%,"17,994,974",70%,"2,570,711",10%,"0",0%,"0",N,
CP1230,종료,"2025_10월_아이엠뱅크 네이버 웹툰 제휴 캠페인",인터렙OUT,대구은행,덴츠크리에이티브,20251031~20251031,202510,net,정발행,작성중,김기훈,META,트래픽_이미지,종료,20251031~20251031,202510,net,정발행,"0","0",,"1,094,615",,"-1,094,615",,"0",,"0",N,
CP1229,종료,"2025_10월_휘슬러_퍼포먼스 캠페인",인터렙OUT,휘슬러코리아,22브릭스,20251001~20251031,202510,net,정발행,작성중,김미정,네이버_GFA,이미지,종료,20251001~20251031,202510,net,정발행,"10,685,295","1,389,088",13%,"9,082,500",85%,"106,855",1%,"106,852",1%,"0",N,
CP1229,종료,"2025_10월_휘슬러_퍼포먼스 캠페인",인터렙OUT,휘슬러코리아,22브릭스,20251001~20251031,202510,net,정발행,작성중,김미정,네이버_GFA,이미지,종료,20251001~20251031,202510,net,정발행,"13,474,672","1,077,973",8%,"12,127,204",90%,"134,749",1%,"134,746",1%,"0",N,
CP1228,종료,"2025_10월 KGM 카카오톡 채널 메세지 발송 캠페인",인터렙OUT,KG모빌리티,메가존(펜타클),20251001~20251031,202510,net,정발행,작성중,오지수,카카오모먼트,톡채널_메시지,종료,20251001~20251031,202510,net,정발행,"3,487,785","453,412",13%,"2,964,617",85%,"17,440",0.5%,"52,316",1.5%,"0",N,
CP1227,종료,"2025_10월 KGM Sales Notice 카카오톡 채널 메세지 발송 캠페인",인터렙OUT,KG모빌리티,메가존(펜타클),20251001~20251031,202510,net,정발행,작성중,오지수,카카오모먼트,톡채널_메시지,종료,20251001~20251031,202510,net,정발행,"31,260","4,064",13%,"26,571",85%,"142",0.5%,"483",1.5%,"0",N,
CP1223,종료,"2025_10월_도드람 팝업스토어 유튜브 캠페인",인터렙OUT,도드람,이너스커뮤니티,20251031~20251102,202510,net,선발행,작성중,정수진,구글,경매형_동영상,종료,20251031~20251031,202510,net,정발행,"30,857","7,097",23%,"21,600",70%,"1,944",6.3%,"216",0.7%,"0",N,
CP1223,종료,"2025_10월_도드람 팝업스토어 유튜브 캠페인",인터렙OUT,도드람,이너스커뮤니티,20251031~20251102,202510,net,선발행,작성중,정수진,구글,경매형_동영상,종료,20251101~20251102,202511,net,정발행,"469,143","107,903",23%,"327,867",69.9%,"30,094",6.4%,"3,279",0.7%,"0",N,
CP1221,종료,"2025_10월 KGM 슬림페이 한달 만원 캠페인",대행,KG모빌리티,메가존(펜타클),20251001~20251031,202510,net,정발행,작성중,오지수,META,트래픽_이미지,종료,20251001~20251031,202510,net,정발행,"29,667,065","4,153,389",14%,"23,733,652",80%,"1,780,024",6%,"0",0%,"0",N,
CP1221,종료,"2025_10월 KGM 슬림페이 한달 만원 캠페인",대행,KG모빌리티,메가존(펜타클),20251001~20251031,202510,net,정발행,작성중,오지수,메조미디어,맨플러스,종료,20251011~20251013,202510,net,정발행,"3,017,600","694,048",23%,"2,112,320",70%,"211,232",7%,"0",0%,"0",N,
CP1214,종료,"2025_10월_중앙일보 10월 인터렙",인터렙OUT,중앙일보,마스삼공,20251001~20251031,202510,gross,정발행,완료,김미정,네이버_GFA,이미지,종료,20251001~20251031,202510,gross,정발행,"5,902,416","708,288",12%,"5,017,053",85%,"118,051",2%,"59,024",1%,"0",N,
CP1214,종료,"2025_10월_중앙일보 10월 인터렙",인터렙OUT,중앙일보,마스삼공,20251001~20251031,202510,net,정발행,완료,김미정,META,트래픽_이미지,종료,20251001~20251031,202510,net,정발행,"13,579,048","0",0%,"13,312,792",98%,"266,256",2%,"0",0%,"0",N,
CP1214,종료,"2025_10월_중앙일보 10월 인터렙",인터렙OUT,중앙일보,마스삼공,20251001~20251031,202510,gross,정발행,완료,김미정,카카오모먼트,이미지,종료,20251001~20251031,202510,gross,정발행,"238,169","28,580",12%,"202,443",85%,"4,764",2%,"2,382",1%,"0",N,
CP1214,종료,"2025_10월_중앙일보 10월 인터렙",인터렙OUT,중앙일보,마스삼공,20251001~20251031,202510,net,정발행,완료,김미정,구글,SA,종료,20251001~20251031,202510,net,정발행,"3,709,460","0",0%,"3,636,725",98%,"72,735",2%,"0",0%,"0",N,
CP1200,종료,"2025_10월 KGM 그랜드페스타 토레스HEV 캠페인",인터렙OUT,KG모빌리티,메가존(펜타클),20251024~20251031,202510,net,정발행,작성중,오지수,META,트래픽_이미지,종료,20251024~20251031,202510,net,정발행,"5,850,000","819,000",14%,"4,679,977",80%,"351,023",6%,"0",0%,"0",N,
CP1200,종료,"2025_10월 KGM 그랜드페스타 토레스HEV 캠페인",인터렙OUT,KG모빌리티,메가존(펜타클),20251024~20251031,202510,net,정발행,작성중,오지수,구글,경매형_GDN,종료,20251024~20251031,202510,net,정발행,"4,150,000","581,000",14%,"3,320,469",80%,"207,031",5%,"41,500",1%,"0",N,
CP1194,종료,"2025_10월_화이트 캠페인",인터렙OUT,유한킴벌리,온더플래닛,20251001~20251031,202510,gross,정발행,완료,김미정,네이버_SA,브랜드검색_PC일반,종료,20251001~20251031,202510,gross,정발행,"1,440,000","144,000",10%,"1,224,000",85%,"57,600",4%,"14,400",1%,"0",N,
CP1190,종료,"2025년_10월 29CM 금요퀴즈런 캠페인",인터렙OUT,29CM,이노레드,20251010~20251017,202510,net,정발행,작성중,오지수,버즈빌,CPM,종료,20251010~20251010,202510,net,정발행,"1,600,000","200,000",12.5%,"1,280,000",80%,"104,000",6.5%,"16,000",1%,"0",N,
CP1190,종료,"2025년_10월 29CM 금요퀴즈런 캠페인",인터렙OUT,29CM,이노레드,20251010~20251017,202510,net,정발행,작성중,오지수,버즈빌,CPM,종료,20251017~20251017,202510,net,정발행,"1,400,000","175,000",12.5%,"1,120,000",80%,"91,000",6.5%,"14,000",1%,"0",N,
CP1190,종료,"2025년_10월 29CM 금요퀴즈런 캠페인",인터렙OUT,29CM,이노레드,20251010~20251017,202510,net,정발행,작성중,오지수,NBT,캐시슬라이드,종료,20251010~20251010,202510,net,정발행,"1,200,000","120,000",10%,"1,020,000",85%,"60,000",5%,"0",0%,"0",N,
CP1190,종료,"2025년_10월 29CM 금요퀴즈런 캠페인",인터렙OUT,29CM,이노레드,20251010~20251017,202510,net,정발행,작성중,오지수,NBT,캐시슬라이드,종료,20251017~20251017,202510,net,정발행,"1,000,000","100,000",10%,"850,000",85%,"50,000",5%,"0",0%,"0",N,
CP1189,종료,"2025년 _10월 현대면세점 상시 캠페인",대행,현대면세점,마스삼공,20251016~20251031,202510,net,정발행,작성중,오지수,NBT,CPA,종료,20251016~20251031,202510,net,정발행,"1,078,500","107,850",10%,"916,725",85%,"53,925",5%,"0",0%,"0",N,
CP1187,종료,"2025_10월 와퍼 4700원 프로모션 캠페인",인터렙OUT,주식회사 비케이알,이노레드,20251020~20251026,202510,net,정발행,작성중,오지수,네이버_GFA,이미지,종료,20251020~20251026,202510,net,정발행,"14,500,000","1,450,000",10%,"12,299,357",84.8%,"605,945",4.2%,"144,698",1%,"14,469,832",N,
CP1185,운영중,"2025_9~10월 205컴퍼니 메타 운영 수수료",대행,205컴퍼니,피비티알,20250901~20251031,202510,net,정발행,작성중,최유진,운영비,운영수수료,종료,20250901~20251031,202510,net,정발행,"367,735","0",0%,"0",0%,"367,735",100%,"0",0%,"0",N,
CP1180,종료,"2025_10월 2for6000/7000 프로모션 캠페인",인터렙OUT,주식회사 비케이알,이노레드,20250929~20251002,202510,net,정발행,작성중,오지수,네이버_GFA,이미지,종료,20250929~20250930,202509,net,정발행,"2,680,056","268,005",10%,"2,278,044",85%,"107,207",4%,"26,800",1%,"2,680,052",N,
CP1180,종료,"2025_10월 2for6000/7000 프로모션 캠페인",인터렙OUT,주식회사 비케이알,이노레드,20250929~20251002,202510,net,정발행,작성중,오지수,네이버_GFA,이미지,종료,20251001~20251002,202510,net,정발행,"2,725,004","272,500",10%,"2,316,253",85%,"109,001",4%,"27,250",1%,"2,725,004",N,
CP1178,운영중,"2025년_10월 205컴퍼니 캠페인",인터렙OUT,205컴퍼니,저스트빌더,20251001~20251031,202510,net,정발행,작성중,최유진,META,트래픽_이미지,종료,20251001~20251031,202510,net,정발행,"6,064,000","363,840",6%,"5,457,600",90%,"242,560",4%,"0",0%,"0",N,
CP1178,운영중,"2025년_10월 205컴퍼니 캠페인",인터렙OUT,205컴퍼니,저스트빌더,20251001~20251031,202510,net,정발행,작성중,최유진,META,트래픽_이미지,종료,20251001~20251031,202510,net,정발행,"4,706,336","282,380",6%,"4,235,702",90%,"188,254",4%,"0",0%,"0",N,
CP1178,운영중,"2025년_10월 205컴퍼니 캠페인",인터렙OUT,205컴퍼니,저스트빌더,20251001~20251031,202510,net,정발행,작성중,최유진,META,트래픽_이미지,종료,20251013~20251031,202510,net,정발행,"2,200,018","132,001",6%,"1,980,016",90%,"88,001",4%,"0",0%,"0",N,
CP1178,운영중,"2025년_10월 205컴퍼니 캠페인",인터렙OUT,205컴퍼니,저스트빌더,20251001~20251031,202510,net,정발행,작성중,최유진,카카오모먼트,톡채널_메시지,종료,20251001~20251031,202510,net,정발행,"1,302,225","117,200",9%,"1,106,891",85%,"65,112",5%,"13,022",1%,"1,302,225",N,
CP1177,종료,"2025_10월_세포랩 상시 캠페인",인터렙OUT,퓨젠바이오,마스삼공,20250903~20260112,202510,gross,선발행,완료,김미정,네이버_SA,브랜드검색_MO프리미엄,종료,20250915~20251014,202510,gross,정발행,"5,320,000","851,200",16%,"3,990,000",75%,"425,600",8%,"53,200",1%,"0",N,
CP1177,종료,"2025_10월_세포랩 상시 캠페인",인터렙OUT,퓨젠바이오,마스삼공,20250903~20260112,202510,gross,선발행,완료,김미정,네이버_SA,브랜드검색_MO프리미엄,종료,20251015~20260112,202510,gross,선발행,"2,146,667","343,467",16%,"1,610,000",75%,"171,733",8%,"21,467",1%,"0",N,
CP1177,종료,"2025_10월_세포랩 상시 캠페인",인터렙OUT,퓨젠바이오,마스삼공,20250903~20260112,202510,gross,선발행,완료,김미정,네이버_SA,브랜드검색_PC일반,종료,20250903~20251002,202510,gross,정발행,"40,000","4,000",10%,"34,000",85%,"1,600",4%,"400",1%,"0",N,
CP1177,종료,"2025_10월_세포랩 상시 캠페인",인터렙OUT,퓨젠바이오,마스삼공,20250903~20260112,202510,gross,선발행,완료,김미정,네이버_SA,브랜드검색_PC일반,종료,20251003~20251101,202510,gross,정발행,"380,000","38,000",10%,"323,000",85%,"15,200",4%,"3,800",1%,"0",N,
CP1177,종료,"2025_10월_세포랩 상시 캠페인",인터렙OUT,퓨젠바이오,마스삼공,20250903~20260112,202510,gross,선발행,완료,김미정,네이버_GFA,이미지,종료,20251001~20251021,202510,gross,정발행,"916,623","54,997",6%,"649,871",70.9%,"204,109",22.3%,"7,646",0.8%,"764,554",N,
CP1177,종료,"2025_10월_세포랩 상시 캠페인",인터렙OUT,퓨젠바이오,마스삼공,20250903~20260112,202510,gross,선발행,완료,김미정,네이버_SA,파워링크,종료,20251001~20251021,202510,gross,정발행,"1,999,310","79,972",4%,"1,699,413",85%,"199,932",10%,"19,993",1%,"0",N,
CP1177,종료,"2025_10월_세포랩 상시 캠페인",인터렙OUT,퓨젠바이오,마스삼공,20250903~20260112,202510,gross,선발행,완료,김미정,네이버_SA,파워링크,종료,20251015~20251021,202510,gross,정발행,"690","0",0%,"690",100%,"0",0%,"0",0%,"0",N,
CP1177,종료,"2025_10월_세포랩 상시 캠페인",인터렙OUT,퓨젠바이오,마스삼공,20250903~20260112,202510,gross,선발행,완료,김미정,네이버_SA,브랜드검색_MO프리미엄,종료,20251015~20260112,202510,gross,선발행,"25,453,333","0",0%,"25,453,333",100%,"0",0%,"0",0%,"0",N,
CP1177,종료,"2025_10월_세포랩 상시 캠페인",인터렙OUT,퓨젠바이오,마스삼공,20250903~20260112,202510,gross,선발행,완료,김미정,네이버_SA,브랜드검색_PC일반,종료,20251003~20251101,202510,gross,선발행,"220,000","0",0%,"220,000",100%,"0",0%,"0",0%,"0",N,
CP1173,종료,"2025_10월_인스탁스 미니리플레이 10월 캠페인",인터렙OUT,인스탁스,이너스커뮤니티,20251001~20251031,202510,net,정발행,작성중,정수진,META,트래픽_이미지,종료,20251001~20251031,202510,net,정발행,"14,999,943","1,949,993",13%,"11,999,954",80%,"1,049,996",7%,"0",0%,"0",N,
CP1173,종료,"2025_10월_인스탁스 미니리플레이 10월 캠페인",인터렙OUT,인스탁스,이너스커뮤니티,20251001~20251031,202510,gross,정발행,작성중,정수진,네이버_GFA,이미지,종료,20251001~20251031,202510,gross,정발행,"4,781,613","382,529",8%,"4,064,372",85%,"286,896",6%,"47,816",1%,"4,781,614",N,
CP1172,종료,"2025_10월_인스탁스 와이드에보 10월 캠페인",인터렙OUT,인스탁스,이너스커뮤니티,20251001~20251031,202510,gross,정발행,작성중,정수진,네이버_GFA,이미지,종료,20251001~20251031,202510,gross,정발행,"9,985,157","798,813",8%,"8,487,382",85%,"599,110",6%,"99,852",1%,"9,985,155",N,
CP1172,종료,"2025_10월_인스탁스 와이드에보 10월 캠페인",인터렙OUT,인스탁스,이너스커뮤니티,20251001~20251031,202510,net,정발행,작성중,정수진,META,트래픽_이미지,종료,20251001~20251031,202510,net,정발행,"9,922,835","1,289,969",13%,"7,938,268",80%,"694,598",7%,"0",0%,"0",N,
CP1171,종료,"2025_10월_인스탁스 카카오선물하기 10월 캠페인",인터렙OUT,인스탁스,이너스커뮤니티,20251004~20251008,202510,gross,정발행,작성중,정수진,카카오모먼트,비즈보드,종료,20251004~20251008,202510,gross,정발행,"498,798","49,880",10%,"423,978",85%,"19,952",4%,"4,988",1%,"0",N,
CP1170,종료,"2025_10월_인스탁스 메타 게시물참여 10월 캠페인",대행,인스탁스,이너스커뮤니티,20251006~20251104,202510,net,선발행,작성중,정수진,META,트래픽_이미지,종료,20251006~20251031,202510,net,정발행,"1,847,464","240,170",13%,"1,477,971",80%,"129,323",7%,"0",0%,"0",N,
CP1170,종료,"2025_10월_인스탁스 메타 게시물참여 10월 캠페인",대행,인스탁스,이너스커뮤니티,20251006~20251104,202510,net,선발행,작성중,정수진,META,트래픽_이미지,종료,20251101~20251104,202511,net,정발행,"290,510","37,767",13%,"232,408",80%,"20,335",7%,"0",0%,"0",N,
CP1169,종료,"2025_10월_현대면세점 캠페인_인터렙",인터렙OUT,현대면세점,마스삼공,20251001~20251031,202510,net,정발행,완료,김미정,구글,경매형_동영상,종료,20251001~20251031,202510,net,정발행,"1,176,706","0",0%,"1,153,633",98%,"23,073",2%,"0",0%,"0",N,
CP1169,종료,"2025_10월_현대면세점 캠페인_인터렙",인터렙OUT,현대면세점,마스삼공,20251001~20251031,202510,net,정발행,완료,김미정,META,트래픽_이미지,종료,20251001~20251031,202510,net,정발행,"12,321,477","0",0%,"12,079,879",98%,"241,598",2%,"0",0%,"0",N,
CP1168,종료,"2025_10월_LG전자 글로벌 10월 인스타그램 캠페인",대행,엘지전자,브이앤리,20250926~20251031,202510,net,정발행,작성중,정수진,META,트래픽_이미지,종료,20250926~20250930,202509,net,정발행,"2,219,673","443,935",20%,"1,553,771",70%,"221,967",10%,"0",0%,"0",N,
CP1168,종료,"2025_10월_LG전자 글로벌 10월 인스타그램 캠페인",대행,엘지전자,브이앤리,20250926~20251031,202510,net,정발행,작성중,정수진,META,트래픽_이미지,종료,20251001~20251008,202510,net,정발행,"4,180,327","836,065",20%,"2,923,204",69.9%,"421,058",10.1%,"0",0%,"0",N,
CP1168,종료,"2025_10월_LG전자 글로벌 10월 인스타그램 캠페인",대행,엘지전자,브이앤리,20250926~20251031,202510,net,정발행,작성중,정수진,META,트래픽_이미지,종료,20251001~20251031,202510,net,정발행,"55,776,971","11,155,394",20%,"39,031,033",70%,"5,590,544",10%,"0",0%,"0",N,
CP1166,종료,"2025_10월_하이마트 인터렙",인터렙OUT,롯데하이마트,바이너리큐브,20251001~20251031,202510,net,정발행,완료,류지영,구글,SA,종료,20251001~20251031,202510,net,정발행,"20,195,325","0",0%,"19,799,338",98%,"197,994",1%,"197,993",1%,"0",N,
CP1166,종료,"2025_10월_하이마트 인터렙",인터렙OUT,롯데하이마트,바이너리큐브,20251001~20251031,202510,net,정발행,완료,류지영,META,트래픽_이미지,종료,20251001~20251031,202510,net,정발행,"22,375,171","0",0%,"22,044,503",98.5%,"330,668",1.5%,"0",0%,"0",N,
CP1166,종료,"2025_10월_하이마트 인터렙",인터렙OUT,롯데하이마트,바이너리큐브,20251001~20251031,202510,gross,정발행,완료,류지영,크리테오,다이나믹배너,종료,20251001~20251031,202510,gross,정발행,"5,515,130","661,816",12%,"4,687,860",85%,"55,152",1%,"110,302",2%,"0",N,
CP1165,종료,"2025_10월_아이엠뱅크 브랜드검색 10월",인터렙OUT,대구은행,덴츠크리에이티브,20251001~20251031,202510,gross,정발행,작성중,정수진,네이버_NOSP,브랜드검색_MO프리미엄,종료,20251001~20251031,202510,gross,정발행,"12,500,000","1,250,000",10%,"10,625,000",85%,"500,000",4%,"125,000",1%,"0",N,
CP1164,종료,"2025_10월_푸마코리아 크리테오 10월 캠페인",인터렙OUT,푸마코리아,제이브릿지,20251001~20251031,202510,gross,정발행,작성중,정수진,크리테오,다이나믹배너,종료,20251001~20251031,202510,gross,정발행,"3,999,036","359,913",9%,"3,399,181",85%,"159,962",4%,"79,980",2%,"0",N,
CP1160,종료,"2025년_10월_영글어농장 10월 캠페인",인터렙OUT,영글어농장,피비티알,20251001~20251031,202510,net,정발행,완료,김미정,META,트래픽_동영상,종료,20251001~20251031,202510,net,정발행,"5,000,000","600,000",12%,"4,000,000",80%,"400,000",8%,"0",0%,"0",N,
CP1160,종료,"2025년_10월_영글어농장 10월 캠페인",인터렙OUT,영글어농장,피비티알,20251001~20251031,202510,gross,정발행,완료,김미정,네이버_GFA,이미지,종료,20251001~20251031,202510,gross,정발행,"8,173,326","408,666",5%,"7,355,993",90%,"326,934",4%,"81,733",1%,"0",N,
CP1159,종료,"2025_10월 현대면세점 브랜드검색 캠페인",인터렙OUT,현대면세점,마스삼공,20251001~20251006,202510,net,정발행,작성중,오지수,네이버_NOSP,브랜드검색_PC일반,종료,20251001~20251006,202510,net,정발행,"2,560,000","230,400",9%,"2,176,000",85%,"128,000",5%,"25,600",1%,"0",N,
CP1158,종료,"2025_10월 현데이 캠페인",인터렙OUT,현대면세점,마스삼공,20250901~20251030,202510,net,정발행,작성중,오지수,구글,경매형_동영상,종료,20251001~20251015,202510,net,정발행,"5,521,497","662,579",12%,"4,527,576",82%,"276,128",5%,"55,214",1%,"0",N,
CP1158,종료,"2025_10월 현데이 캠페인",인터렙OUT,현대면세점,마스삼공,20250901~20251030,202510,net,정발행,작성중,오지수,구글,경매형_GDN,종료,20251001~20251015,202510,net,정발행,"11,353,048","1,362,365",12%,"9,306,450",82%,"570,703",5%,"113,530",1%,"0",N,
CP1158,종료,"2025_10월 현데이 캠페인",인터렙OUT,현대면세점,마스삼공,20250901~20251030,202510,net,정발행,작성중,오지수,META,트래픽_이미지,종료,20251001~20251015,202510,net,정발행,"8,172,518","980,702",12%,"6,701,459",82%,"490,357",6%,"0",0%,"0",N,
CP1158,종료,"2025_10월 현데이 캠페인",인터렙OUT,현대면세점,마스삼공,20250901~20251030,202510,net,정발행,작성중,오지수,토스,배너,종료,20251001~20251015,202510,net,정발행,"13,841,790","1,929,432",13.9%,"11,073,432",80%,"700,508",5.1%,"138,418",1%,"0",N,
CP1158,종료,"2025_10월 현데이 캠페인",인터렙OUT,현대면세점,마스삼공,20250901~20251030,202510,gross,정발행,작성중,오지수,NBT,CPA,종료,20251001~20251030,202510,gross,정발행,"738,000","73,800",10%,"627,300",85%,"36,900",5%,"0",0%,"0",N,
CP1158,종료,"2025_10월 현데이 캠페인",인터렙OUT,현대면세점,마스삼공,20250901~20251030,202510,gross,정발행,작성중,오지수,NBT,CPA,종료,20250901~20250909,202510,gross,후발행,"160,500","16,050",10%,"136,425",85%,"8,025",5%,"0",0%,"0",N,
CP1157,운영중,"2025_10월_농협상호금융 캠페인",인터렙OUT,농협상호금융,프리비알,20250919~20251030,202510,net,정발행,작성중,최유진,구글,경매형_동영상,종료,20250919~20250930,202509,net,정발행,"1,263,298","126,330",10%,"1,010,638",80%,"116,224",9.2%,"10,106",0.8%,"0",N,
CP1157,운영중,"2025_10월_농협상호금융 캠페인",인터렙OUT,농협상호금융,프리비알,20250919~20251030,202510,net,정발행,작성중,최유진,구글,경매형_동영상,종료,20251001~20251030,202510,net,정발행,"3,236,702","323,670",10%,"2,662,055",82.2%,"224,356",6.9%,"26,621",0.8%,"0",N,
CP1156,종료,"2025_10월_아워홈 인스타 팔로우 증대",대행,아워홈,디크리에잇,20251001~20251031,202510,gross,정발행,작성중,최유진,나스미디어,엔스테이션,종료,20251001~20251031,202510,gross,정발행,"3,500,000","700,000",20%,"2,450,000",70%,"350,000",10%,"0",0%,"0",N,
CP1154,종료,"2025_10월_유진투자증권 국내 DA 캠페인",대행,유진투자증권(주),베리타스커넥트,20251001~20251031,202510,gross,정발행,완료,김기훈,네이버_NOSP,브랜드검색_PC일반,종료,20251001~20251031,202510,gross,정발행,"620,000","62,000",10%,"527,000",85%,"31,000",5%,"0",0%,"0",N,
CP1154,종료,"2025_10월_유진투자증권 국내 DA 캠페인",대행,유진투자증권(주),베리타스커넥트,20251001~20251031,202510,gross,정발행,완료,김기훈,네이버_NOSP,브랜드검색_MO일반,종료,20251001~20251031,202510,gross,정발행,"2,685,000","268,500",10%,"2,282,250",85%,"134,250",5%,"0",0%,"0",N,
CP1154,종료,"2025_10월_유진투자증권 국내 DA 캠페인",대행,유진투자증권(주),베리타스커넥트,20251001~20251031,202510,net,정발행,완료,김기훈,나스미디어,애드패커,종료,20251001~20251031,202510,net,정발행,"9,090,909","1,818,182",20%,"5,909,090",65%,"1,363,637",15%,"0",0%,"0",N,
CP1154,종료,"2025_10월_유진투자증권 국내 DA 캠페인",대행,유진투자증권(주),베리타스커넥트,20251001~20251031,202510,net,정발행,완료,김기훈,디지털캠프,LMS/MMS,종료,20251001~20251031,202510,net,정발행,"9,090,909","1,818,182",20%,"6,363,636",70%,"909,091",10%,"0",0%,"0",N,
CP1152,종료,"2025_10월_유진투자증권 해외 DA 캠페인",대행,유진투자증권(주),씨씨디,20251001~20251031,202510,gross,정발행,완료,김기훈,나스미디어,애드패커,종료,20251001~20251031,202510,gross,정발행,"35,265,755","7,053,151",20%,"22,922,740",65%,"5,289,864",15%,"0",0%,"0",N,
CP1152,종료,"2025_10월_유진투자증권 해외 DA 캠페인",대행,유진투자증권(주),씨씨디,20251001~20251031,202510,net,정발행,완료,김기훈,네이버_NOSP,브랜드검색_MO일반,종료,20251001~20251031,202510,net,정발행,"1,674,280","167,428",10%,"1,423,138",85%,"83,714",5%,"0",0%,"0",N,
CP1151,종료,"2025_10월_코렐 9~10월 캠페인",대행,코렐,이너스커뮤니티,20250829~20251008,202510,gross,정발행,완료,김미정,META,트래픽_이미지,종료,20250829~20250831,202508,gross,정발행,"0","0",,"138,324",,"-138,324",,"0",,"0",N,
CP1151,종료,"2025_10월_코렐 9~10월 캠페인",대행,코렐,이너스커뮤니티,20250829~20251008,202510,net,정발행,완료,김미정,META,트래픽_이미지,종료,20250901~20250930,202509,net,정발행,"4,496,191","1,034,124",23%,"3,167,890",70.5%,"294,177",6.5%,"0",0%,"0",N,
CP1151,종료,"2025_10월_코렐 9~10월 캠페인",대행,코렐,이너스커뮤니티,20250829~20251008,202510,net,정발행,완료,김미정,META,트래픽_이미지,종료,20251001~20251008,202510,net,정발행,"1,999,915","459,980",23%,"1,399,940",70%,"139,995",7%,"0",0%,"0",N,
CP1150,종료,"2025_10월_대명아임레디 SA",인터렙OUT,대명아임레디,이너스커뮤니티,20250922~20251031,202510,gross,정발행,완료,김미정,네이버_SA,파워링크,종료,20251001~20251031,202510,gross,정발행,"335,390","26,831",8%,"285,081",85%,"20,125",6%,"3,353",1%,"0",N,
CP1150,종료,"2025_10월_대명아임레디 SA",인터렙OUT,대명아임레디,이너스커뮤니티,20250922~20251031,202510,gross,정발행,완료,김미정,네이버_SA,브랜드검색_PC일반,종료,20250922~20251031,202510,gross,정발행,"1,441,500","115,320",8%,"1,225,275",85%,"86,490",6%,"14,415",1%,"0",N,
CP1150,종료,"2025_10월_대명아임레디 SA",인터렙OUT,대명아임레디,이너스커뮤니티,20250922~20251031,202510,gross,정발행,완료,김미정,네이버_SA,브랜드검색_PC일반,종료,20251001~20251031,202510,gross,정발행,"8,260,000","660,800",8%,"7,021,000",85%,"495,600",6%,"82,600",1%,"0",N,
CP1148,종료,"2025_10월_현대홈쇼핑 캠페인",인터렙OUT,(주)현대홈쇼핑,퍼틸레인,20251001~20251031,202510,gross,정발행,작성중,추화경,버즈빌,CPM,종료,20251001~20251031,202510,gross,정발행,"55,000,000","12,650,000",23%,"38,500,000",70%,"2,750,000",5%,"1,100,000",2%,"0",N,
CP1148,종료,"2025_10월_현대홈쇼핑 캠페인",인터렙OUT,(주)현대홈쇼핑,퍼틸레인,20251001~20251031,202510,gross,정발행,작성중,추화경,캐시워크,캐시워크,종료,20251001~20251031,202510,gross,정발행,"1,000,000","120,000",12%,"800,000",80%,"80,000",8%,"0",0%,"0",N,
CP1148,종료,"2025_10월_현대홈쇼핑 캠페인",인터렙OUT,(주)현대홈쇼핑,퍼틸레인,20251001~20251031,202510,gross,정발행,작성중,추화경,네이버_GFA,이미지,종료,20251001~20251031,202510,gross,정발행,"14,921,866","1,492,187",10%,"12,683,588",85%,"596,872",4%,"149,219",1%,"14,921,868",N,
CP1148,종료,"2025_10월_현대홈쇼핑 캠페인",인터렙OUT,(주)현대홈쇼핑,퍼틸레인,20251001~20251031,202510,gross,정발행,작성중,추화경,네이버_NOSP,메인&통합DA,종료,20251001~20251031,202510,gross,정발행,"4,500,000","450,000",10%,"3,825,000",85%,"180,000",4%,"45,000",1%,"0",N,
CP1148,종료,"2025_10월_현대홈쇼핑 캠페인",인터렙OUT,(주)현대홈쇼핑,퍼틸레인,20251001~20251031,202510,gross,정발행,작성중,추화경,카카오모먼트,비즈보드,종료,20251001~20251031,202510,gross,정발행,"26,668,243","2,666,824",10%,"22,668,006",85%,"933,390",3.5%,"400,023",1.5%,"0",N,
CP1148,종료,"2025_10월_현대홈쇼핑 캠페인",인터렙OUT,(주)현대홈쇼핑,퍼틸레인,20251001~20251031,202510,gross,정발행,작성중,추화경,카카오모먼트,비즈보드,종료,20251001~20251031,202510,gross,정발행,"797,846","79,785",10%,"678,169",85%,"27,925",3.5%,"11,967",1.5%,"0",N,
CP1148,종료,"2025_10월_현대홈쇼핑 캠페인",인터렙OUT,(주)현대홈쇼핑,퍼틸레인,20251001~20251031,202510,gross,정발행,작성중,추화경,카카오모먼트,톡채널_메시지,종료,20251001~20251031,202510,gross,정발행,"57,957,540","5,795,754",10%,"48,754,147",84.1%,"2,834,061",4.9%,"573,578",1%,"57,357,820",N,
CP1147,종료,"2025_10월 버거킹 2for 6000 캠페인",인터렙OUT,주식회사 비케이알,이노레드,20251010~20251019,202510,net,정발행,작성중,오지수,네이버_GFA,이미지,종료,20251010~20251019,202510,net,정발행,"9,500,000","950,000",10%,"8,067,011",84.9%,"388,083",4.1%,"94,906",1%,"9,490,601",N,
CP1142,종료,"2025_10월_에이피더핀 앱캠페인",인터렙OUT,에이피더핀,피비티알,20251001~20251031,202510,net,정발행,작성중,장소윤,애피어,CPA,종료,20251001~20251031,202510,net,정발행,"1,712,887","256,933",15%,"1,284,665",75%,"171,289",10%,"0",0%,"0",N,
CP1142,종료,"2025_10월_에이피더핀 앱캠페인",인터렙OUT,에이피더핀,피비티알,20251001~20251031,202510,net,정발행,작성중,장소윤,카울리,카울리
,종료,20251001~20251031,202510,net,정발행,"5,000,000","500,000",10%,"4,000,000",80%,"500,000",10%,"0",0%,"0",N,
CP1142,종료,"2025_10월_에이피더핀 앱캠페인",인터렙OUT,에이피더핀,피비티알,20251001~20251031,202510,gross,정발행,작성중,장소윤,NBT,CPA,종료,20251001~20251031,202510,gross,정발행,"4,902,000","392,160",8%,"4,166,700",85%,"343,140",7%,"0",0%,"0",N,
CP1142,종료,"2025_10월_에이피더핀 앱캠페인",인터렙OUT,에이피더핀,피비티알,20251001~20251031,202510,net,정발행,작성중,장소윤,버즈빌,CPA,종료,20251001~20251031,202510,net,정발행,"2,352,000","423,360",18%,"1,646,400",70%,"258,720",11%,"23,520",1%,"0",N,
CP1142,종료,"2025_10월_에이피더핀 앱캠페인",인터렙OUT,에이피더핀,피비티알,20251001~20251031,202510,net,정발행,작성중,장소윤,버즈빌,CPA,종료,20251001~20251031,202510,net,정발행,"1,627,150","146,444",9%,"1,301,720",80%,"162,715",10%,"16,271",1%,"0",N,
CP1142,종료,"2025_10월_에이피더핀 앱캠페인",인터렙OUT,에이피더핀,피비티알,20251001~20251031,202510,net,정발행,작성중,장소윤,애플서치애드,애플서치애드,종료,20251001~20251031,202510,net,정발행,"4,934,104","740,116",15%,"3,700,578",75%,"493,410",10%,"0",0%,"0",N,
CP1141,종료,"2025_10월_더블하트 캠페인",인터렙OUT,더블하트,이너스커뮤니티,20251001~20251031,202510,net,정발행,작성중,장소윤,META,트래픽_이미지,종료,20251001~20251031,202510,net,정발행,"17,415,907","3,134,863",18%,"13,061,930",75%,"1,219,114",7%,"0",0%,"0",N,
CP1141,종료,"2025_10월_더블하트 캠페인",인터렙OUT,더블하트,이너스커뮤니티,20251001~20251031,202510,net,정발행,작성중,장소윤,네이버_SA,브랜드검색_PC일반,종료,20251001~20251031,202510,net,정발행,"1,200,000","96,000",8%,"1,020,000",85%,"72,000",6%,"12,000",1%,"0",N,
CP1141,종료,"2025_10월_더블하트 캠페인",인터렙OUT,더블하트,이너스커뮤니티,20251001~20251031,202510,net,정발행,작성중,장소윤,카카오모먼트,톡채널_메시지,종료,20251001~20251031,202510,net,정발행,"13,712,925","1,371,293",10%,"11,655,986",85%,"548,517",4%,"137,129",1%,"0",N,
CP1141,종료,"2025_10월_더블하트 캠페인",인터렙OUT,더블하트,이너스커뮤니티,20251001~20251031,202510,net,정발행,작성중,장소윤,구글,경매형_GDN,종료,20251001~20251031,202510,net,정발행,"4,000,000","720,000",18%,"2,970,281",74.3%,"280,016",7%,"29,703",0.7%,"0",N,
CP1141,종료,"2025_10월_더블하트 캠페인",인터렙OUT,더블하트,이너스커뮤니티,20251001~20251031,202510,net,정발행,작성중,장소윤,네이버_SA,브랜드검색_MO일반,종료,20251001~20251031,202510,net,정발행,"9,700,000","776,000",8%,"8,245,000",85%,"582,000",6%,"97,000",1%,"0",N,
CP1141,종료,"2025_10월_더블하트 캠페인",인터렙OUT,더블하트,이너스커뮤니티,20251001~20251031,202510,net,정발행,작성중,장소윤,네이버_GFA,이미지,종료,20251001~20251031,202510,net,정발행,"1,000,000","80,000",8%,"849,798",85%,"60,204",6%,"9,998",1%,"0",N,
CP1136,종료,"2025 10월 위닉스 제습기 캠페인",인터렙OUT,위닉스,메가존(펜타클),20251001~20251031,202510,net,정발행,완료,김기훈,네이버_NOSP,브랜드검색_PC일반,종료,20251001~20251031,202510,net,정발행,"2,680,000","268,000",10%,"2,278,000",85%,"134,000",5%,"0",0%,"0",N,
CP1136,종료,"2025 10월 위닉스 제습기 캠페인",인터렙OUT,위닉스,메가존(펜타클),20251001~20251031,202510,net,정발행,완료,김기훈,네이버_NOSP,브랜드검색_MO일반,종료,20251001~20251031,202510,net,정발행,"7,230,000","723,000",10%,"6,145,500",85%,"361,500",5%,"0",0%,"0",N,
CP1135,종료,"2025년 10월 위닉스 건조기 캠페인",인터렙OUT,위닉스,메가존(펜타클),20251001~20251031,202510,net,정발행,완료,김기훈,네이버_NOSP,브랜드검색_PC일반,종료,20251001~20251031,202510,net,정발행,"600,000","60,000",10%,"510,000",85%,"30,000",5%,"0",0%,"0",N,
CP1135,종료,"2025년 10월 위닉스 건조기 캠페인",인터렙OUT,위닉스,메가존(펜타클),20251001~20251031,202510,net,정발행,완료,김기훈,네이버_NOSP,브랜드검색_MO일반,종료,20251001~20251031,202510,net,정발행,"2,600,000","260,000",10%,"2,210,000",85%,"130,000",5%,"0",0%,"0",N,
CP1135,종료,"2025년 10월 위닉스 건조기 캠페인",인터렙OUT,위닉스,메가존(펜타클),20251001~20251031,202510,net,정발행,완료,김기훈,네이버_SA,쇼핑검색,종료,20251001~20251031,202510,net,정발행,"6,966,550","696,655",10%,"5,921,567",85%,"278,663",4%,"69,665",1%,"0",N,
CP1135,종료,"2025년 10월 위닉스 건조기 캠페인",인터렙OUT,위닉스,메가존(펜타클),20251001~20251031,202510,net,정발행,완료,김기훈,네이버_GFA,이미지,종료,20251001~20251031,202510,net,정발행,"7,813,102","781,310",10%,"6,641,136",85%,"312,525",4%,"78,131",1%,"0",N,
CP1135,종료,"2025년 10월 위닉스 건조기 캠페인",인터렙OUT,위닉스,메가존(펜타클),20251001~20251031,202510,net,정발행,완료,김기훈,아파트너,배너,종료,20251001~20251031,202510,net,정발행,"3,000,000","450,000",15%,"2,400,000",80%,"150,000",5%,"0",0%,"0",N,
CP1135,종료,"2025년 10월 위닉스 건조기 캠페인",인터렙OUT,위닉스,메가존(펜타클),20251001~20251031,202510,net,정발행,완료,김기훈,네이버_GFA,이미지,종료,20251031~20251031,202510,net,정발행,"9,080,515","454,026",5%,"8,172,463",90%,"363,221",4%,"90,805",1%,"0",N,
CP1135,종료,"2025년 10월 위닉스 건조기 캠페인",인터렙OUT,위닉스,메가존(펜타클),20251001~20251031,202510,net,정발행,완료,김기훈,네이버_GFA,이미지,종료,20251031~20251031,202510,net,정발행,"0","-1,144,208",,"0",,"1,132,766",,"11,442",,"0",N,
CP1134,종료,"2025년 10월 위닉스 공기청정기 캠페인",인터렙OUT,위닉스,메가존(펜타클),20251001~20251031,202510,net,정발행,완료,김기훈,네이버_NOSP,브랜드검색_PC일반,종료,20251001~20251031,202510,net,정발행,"600,000","60,000",10%,"510,000",85%,"24,000",4%,"6,000",1%,"0",N,
CP1134,종료,"2025년 10월 위닉스 공기청정기 캠페인",인터렙OUT,위닉스,메가존(펜타클),20251001~20251031,202510,net,정발행,완료,김기훈,네이버_NOSP,브랜드검색_MO일반,종료,20251001~20251031,202510,net,정발행,"4,300,000","430,000",10%,"3,655,000",85%,"172,000",4%,"43,000",1%,"0",N,
CP1134,종료,"2025년 10월 위닉스 공기청정기 캠페인",인터렙OUT,위닉스,메가존(펜타클),20251001~20251031,202510,net,정발행,완료,김기훈,네이버_SA,쇼핑검색,종료,20251001~20251031,202510,net,정발행,"16,953,530","1,695,353",10%,"14,410,500",85%,"678,142",4%,"169,535",1%,"0",N,
CP1134,종료,"2025년 10월 위닉스 공기청정기 캠페인",인터렙OUT,위닉스,메가존(펜타클),20251001~20251031,202510,net,정발행,완료,김기훈,META,트래픽_이미지,종료,20251001~20251031,202510,net,정발행,"3,249,427","324,942",10%,"2,762,012",85%,"162,473",5%,"0",0%,"0",N,
CP1134,종료,"2025년 10월 위닉스 공기청정기 캠페인",인터렙OUT,위닉스,메가존(펜타클),20251001~20251031,202510,net,정발행,완료,김기훈,카카오모먼트,톡채널_메시지,종료,20251001~20251031,202510,net,정발행,"1,051,095","105,110",10%,"893,430",85%,"42,045",4%,"10,510",1%,"0",N,
CP1134,종료,"2025년 10월 위닉스 공기청정기 캠페인",인터렙OUT,위닉스,메가존(펜타클),20251001~20251031,202510,net,정발행,완료,김기훈,캐시워크,캐시워크,종료,20251001~20251031,202510,net,정발행,"3,000,000","450,000",15%,"2,400,000",80%,"150,000",5%,"0",0%,"0",N,
CP1134,종료,"2025년 10월 위닉스 공기청정기 캠페인",인터렙OUT,위닉스,메가존(펜타클),20251001~20251031,202510,gross,정발행,완료,김기훈,캐시닥,쇼핑라이브,종료,20251031~20251031,202510,gross,정발행,"2,400,000","360,000",15%,"1,920,000",80%,"120,000",5%,"0",0%,"0",N,
CP1134,종료,"2025년 10월 위닉스 공기청정기 캠페인",인터렙OUT,위닉스,메가존(펜타클),20251001~20251031,202510,gross,정발행,완료,김기훈,NBT,캐시슬라이드,종료,20251031~20251031,202510,gross,정발행,"1,000,000","230,000",23%,"700,000",70%,"70,000",7%,"0",0%,"0",N,
CP1132,종료,"2025_자코모 10월 캠페인",인터렙OUT,자코모,저스트빌더,20251001~20251031,202510,gross,정발행,완료,김기훈,네이버_GFA,이미지,종료,20251001~20251031,202510,gross,정발행,"9,929,565","794,365",8%,"8,440,130",85%,"595,775",6%,"99,295",1%,"0",N,
CP1132,종료,"2025_자코모 10월 캠페인",인터렙OUT,자코모,저스트빌더,20251001~20251031,202510,net,정발행,완료,김기훈,버즈빌,CPA,종료,20251001~20251031,202510,net,정발행,"3,000,000","360,000",12%,"2,400,000",80%,"210,000",7%,"30,000",1%,"0",N,
CP1132,종료,"2025_자코모 10월 캠페인",인터렙OUT,자코모,저스트빌더,20251001~20251031,202510,net,정발행,완료,김기훈,카카오모먼트,디스플레이,종료,20251001~20251031,202510,net,정발행,"6,142,498","491,399",8%,"5,221,123",85%,"368,552",6%,"61,424",1%,"0",N,
CP1130,종료,"2025_10월_롯데아울렛 인스타그램 CPF 캠페인",대행,롯데아울렛,씨씨디,20251001~20251031,202510,net,정발행,작성중,정수진,NBT,CPL,종료,20251001~20251031,202510,net,정발행,"4,025,000","350,000",8.7%,"3,500,347",87%,"174,653",4.3%,"0",0%,"0",N,
CP1124,종료,"2025_10월 29CM 나이키 런칭 MKT 캠페인",인터렙OUT,29CM,이노레드,20251024~20251030,202510,net,정발행,작성중,장소윤,네이버_GFA,이미지,종료,20251024~20251030,202510,net,정발행,"1,993,845","199,385",10%,"1,694,768",85%,"79,754",4%,"19,938",1%,"0",N,
CP1123,종료,"2025_10월_인스탁스 SA 10월 캠페인",인터렙OUT,인스탁스,이너스커뮤니티,20251001~20251031,202510,gross,정발행,작성중,정수진,네이버_SA,파워링크,종료,20251001~20251031,202510,gross,정발행,"2,894,910","231,593",8%,"2,460,674",85%,"173,694",6%,"28,949",1%,"0",N,
CP1123,종료,"2025_10월_인스탁스 SA 10월 캠페인",인터렙OUT,인스탁스,이너스커뮤니티,20251001~20251031,202510,gross,정발행,작성중,정수진,네이버_SA,쇼핑검색,종료,20251001~20251031,202510,gross,정발행,"11,959,480","956,758",8%,"10,165,558",85%,"717,569",6%,"119,595",1%,"0",N,
CP1123,종료,"2025_10월_인스탁스 SA 10월 캠페인",인터렙OUT,인스탁스,이너스커뮤니티,20251001~20251031,202510,gross,정발행,작성중,정수진,네이버_SA,쇼핑검색,종료,20251001~20251031,202510,gross,정발행,"58,730","4,698",8%,"49,921",85%,"3,524",6%,"587",1%,"0",N,
CP1120,집행 예정,"2025_10월 휘슬러 월별 콘텐츠 캠페인",인터렙OUT,휘슬러코리아,없음,20251001~20251031,202510,net,정발행,작성중,추화경,구글,경매형_동영상,종료,20251001~20251031,202510,net,정발행,"600,000","0",0%,"552,000",92%,"48,000",8%,"0",0%,"0",N,
CP1120,집행 예정,"2025_10월 휘슬러 월별 콘텐츠 캠페인",인터렙OUT,휘슬러코리아,없음,20251001~20251031,202510,net,정발행,작성중,추화경,META,트래픽_이미지,종료,20251001~20251031,202510,net,정발행,"900,000","0",0%,"828,000",92%,"72,000",8%,"0",0%,"0",N,
CP1117,종료,"2025_10월 KGM 슬림페이 플랜 캠페인",대행,KG모빌리티,메가존(펜타클),20251001~20251031,202510,net,정발행,작성중,오지수,메조미디어,맨플러스,종료,20251011~20251031,202510,net,정발행,"2,997,240","689,366",23%,"2,098,068",70%,"209,806",7%,"0",0%,"0",N,
CP1117,종료,"2025_10월 KGM 슬림페이 플랜 캠페인",대행,KG모빌리티,메가존(펜타클),20251001~20251031,202510,net,정발행,작성중,오지수,META,트래픽_이미지,종료,20251001~20251031,202510,net,정발행,"19,756,846","2,765,958",14%,"15,805,477",80%,"1,185,411",6%,"0",0%,"0",N,
CP1117,종료,"2025_10월 KGM 슬림페이 플랜 캠페인",대행,KG모빌리티,메가존(펜타클),20251001~20251031,202510,net,정발행,작성중,오지수,SK플래닛,T맵,종료,20251001~20251011,202511,net,후발행,"10,000,000","2,300,000",23%,"7,000,000",70%,"700,000",7%,"0",0%,"0",N,
CP1115,종료,"2025_10월_인스탁스 미니에보 젠틀로즈 10월 캠페인",인터렙OUT,인스탁스,이너스커뮤니티,20251001~20251031,202510,net,정발행,작성중,정수진,META,트래픽_이미지,종료,20251001~20251031,202510,net,정발행,"24,999,360","3,249,917",13%,"19,999,488",80%,"1,749,955",7%,"0",0%,"0",N,
CP1115,종료,"2025_10월_인스탁스 미니에보 젠틀로즈 10월 캠페인",인터렙OUT,인스탁스,이너스커뮤니티,20251001~20251031,202510,gross,정발행,작성중,정수진,네이버_GFA,이미지,종료,20251001~20251031,202510,gross,정발행,"9,970,227","797,618",8%,"8,474,693",85%,"598,214",6%,"99,702",1%,"9,970,227",N,
CP1115,종료,"2025_10월_인스탁스 미니에보 젠틀로즈 10월 캠페인",인터렙OUT,인스탁스,이너스커뮤니티,20251001~20251031,202510,gross,정발행,작성중,정수진,네이버_NOSP,웹툰빅배너,종료,20251013~20251019,202510,gross,정발행,"5,000,000","400,000",8%,"4,250,000",85%,"300,000",6%,"50,000",1%,"0",N,
CP1102,종료,"2025년 9월 위닉스 공기청정기 캠페인",인터렙OUT,위닉스,메가존(펜타클),20250901~20251013,202510,net,정발행,완료,김기훈,네이버_NOSP,브랜드검색_PC일반,종료,20250901~20250930,202509,net,정발행,"600,000","60,000",10%,"510,000",85%,"24,000",4%,"6,000",1%,"0",N,
CP1102,종료,"2025년 9월 위닉스 공기청정기 캠페인",인터렙OUT,위닉스,메가존(펜타클),20250901~20251013,202510,net,정발행,완료,김기훈,네이버_NOSP,브랜드검색_MO일반,종료,20250901~20250930,202509,net,정발행,"4,300,000","430,000",10%,"3,655,000",85%,"172,000",4%,"43,000",1%,"0",N,
CP1102,종료,"2025년 9월 위닉스 공기청정기 캠페인",인터렙OUT,위닉스,메가존(펜타클),20250901~20251013,202510,net,정발행,완료,김기훈,네이버_SA,쇼핑검색,종료,20250901~20250930,202509,net,정발행,"8,029,810","802,981",10%,"6,825,338",85%,"321,193",4%,"80,298",1%,"0",N,
CP1102,종료,"2025년 9월 위닉스 공기청정기 캠페인",인터렙OUT,위닉스,메가존(펜타클),20250901~20251013,202510,net,정발행,완료,김기훈,META,트래픽_이미지,종료,20250901~20250930,202509,net,정발행,"2,998,684","299,868",10%,"2,548,881",85%,"149,935",5%,"0",0%,"0",N,
CP1102,종료,"2025년 9월 위닉스 공기청정기 캠페인",인터렙OUT,위닉스,메가존(펜타클),20250901~20251013,202510,net,정발행,완료,김기훈,카카오모먼트,톡채널_메시지,종료,20250901~20250930,202509,net,정발행,"1,548,348","154,834",10%,"1,316,095",85%,"54,194",3.5%,"23,225",1.5%,"0",N,
CP1102,종료,"2025년 9월 위닉스 공기청정기 캠페인",인터렙OUT,위닉스,메가존(펜타클),20250901~20251013,202510,net,정발행,완료,김기훈,캐시워크,캐시워크,종료,20250901~20250930,202509,net,정발행,"4,000,000","600,000",15%,"3,200,000",80%,"200,000",5%,"0",0%,"0",N,
CP1102,종료,"2025년 9월 위닉스 공기청정기 캠페인",인터렙OUT,위닉스,메가존(펜타클),20250901~20251013,202510,gross,정발행,완료,김기훈,캐시닥,쇼핑라이브,종료,20250901~20250930,202509,gross,정발행,"1,200,000","180,000",15%,"960,000",80%,"60,000",5%,"0",0%,"0",N,
CP1102,종료,"2025년 9월 위닉스 공기청정기 캠페인",인터렙OUT,위닉스,메가존(펜타클),20250901~20251013,202510,net,정발행,완료,김기훈,카카오모먼트,디스플레이,종료,20251013~20251013,202510,net,정발행,"511,297","51,130",10%,"434,602",85%,"25,565",5%,"0",0%,"0",N,
CP1099,종료,"2025_10월_도드람 THE3 9월 캠페인",인터렙OUT,도드람,이너스커뮤니티,20250904~20251008,202510,net,정발행,작성중,정수진,구글,경매형_동영상,종료,20250904~20250930,202509,net,정발행,"3,345,231","769,403",23%,"2,341,662",70%,"210,749",6.3%,"23,417",0.7%,"0",N,
CP1099,종료,"2025_10월_도드람 THE3 9월 캠페인",인터렙OUT,도드람,이너스커뮤니티,20250904~20251008,202510,net,정발행,작성중,정수진,구글,경매형_동영상,종료,20251001~20251008,202510,net,정발행,"654,769","150,597",23%,"452,064",69%,"47,587",7.3%,"4,521",0.7%,"0",N,
CP1098,종료,"2025_10월_도드람 THE PICK 9월 캠페인",인터렙OUT,도드람,이너스커뮤니티,20250915~20251010,202510,net,정발행,작성중,정수진,구글,경매형_동영상,종료,20250915~20250930,202509,net,정발행,"1,282,040","294,869",23%,"897,428",70%,"80,769",6.3%,"8,974",0.7%,"0",N,
CP1098,종료,"2025_10월_도드람 THE PICK 9월 캠페인",인터렙OUT,도드람,이너스커뮤니티,20250915~20251010,202510,net,정발행,작성중,정수진,구글,경매형_동영상,종료,20251001~20251010,202510,net,정발행,"717,960","165,131",23%,"500,807",69.8%,"47,014",6.5%,"5,008",0.7%,"0",N,
CP1073,제안취소,"2025_10월 29CM 29넘버 캠페인",대행,29CM,이노레드,20251010~20251023,202510,net,정발행,작성중,장소윤,메조미디어,시그널플레이
,종료,20251010~20251023,202510,net,정발행,"15,000,000","3,000,000",20%,"10,500,000",70%,"1,500,000",10%,"0",0%,"0",N,
CP1070,집행 예정,"2025_10월_휘슬러 브랜드검색 캠페인",인터렙OUT,휘슬러코리아,없음,20250928~20251031,202510,net,정발행,작성중,추화경,네이버_SA,브랜드검색_MO프리미엄,종료,20250928~20251031,202510,net,정발행,"12,193,333","0",0%,"9,144,999",75%,"2,926,401",24%,"121,933",1%,"0",N,
CP1070,집행 예정,"2025_10월_휘슬러 브랜드검색 캠페인",인터렙OUT,휘슬러코리아,없음,20250928~20251031,202510,net,정발행,작성중,추화경,네이버_SA,브랜드검색_PC일반,종료,20250928~20251031,202510,net,정발행,"1,240,000","0",0%,"1,054,000",85%,"173,600",14%,"12,400",1%,"0",N,
CP1050,종료,"2025_9월_아워홈 인스타 팔로우 증대",대행,아워홈,디크리에잇,20250918~20251031,202510,gross,정발행,작성중,추화경,나스미디어,엔스테이션,종료,20250918~20250930,202509,gross,정발행,"2,882,000","576,400",20%,"2,017,400",70%,"288,200",10%,"0",0%,"0",N,
CP1050,종료,"2025_9월_아워홈 인스타 팔로우 증대",대행,아워홈,디크리에잇,20250918~20251031,202510,gross,정발행,작성중,추화경,나스미디어,엔스테이션,종료,20251001~20251031,202510,gross,정발행,"118,000","23,600",20%,"82,600",70%,"11,800",10%,"0",0%,"0",N,
CP1039,종료,"2025_9~10월_GSK 백세로 브랜드검색",대행,GSK,피비티알,20250908~20251007,202510,gross,정발행,작성중,최유진,네이버_NOSP,브랜드검색_PC일반,종료,20250908~20251007,202512,gross,후발행,"600,000","60,000",10%,"510,000",85%,"30,000",5%,"0",0%,"0",N,
CP1039,종료,"2025_9~10월_GSK 백세로 브랜드검색",대행,GSK,피비티알,20250908~20251007,202510,gross,정발행,작성중,최유진,네이버_NOSP,브랜드검색_MO일반,종료,20250908~20251007,202512,gross,후발행,"800,000","80,000",10%,"680,000",85%,"40,000",5%,"0",0%,"0",N,
CP1008,종료,"2025_8-9월_SWAY 캠페인",인터렙OUT,SWAY,피비티알,20250817~20250930,202510,net,후발행,작성중,장소윤,META,트래픽_동영상,종료,20250817~20250831,202508,net,정발행,"6,356,932","1,271,386",20%,"4,767,699",75%,"317,847",5%,"0",0%,"0",N,
CP1008,종료,"2025_8-9월_SWAY 캠페인",인터렙OUT,SWAY,피비티알,20250817~20250930,202510,net,후발행,작성중,장소윤,틱톡,CPC,종료,20250818~20250828,202508,net,정발행,"2,210,356","442,071",20%,"1,657,767",75%,"110,518",5%,"0",0%,"2,210,356",N,
CP1008,종료,"2025_8-9월_SWAY 캠페인",인터렙OUT,SWAY,피비티알,20250817~20250930,202510,net,후발행,작성중,장소윤,META,트래픽_동영상,종료,20250901~20250930,202509,net,정발행,"21,432,672","4,286,535",20%,"16,074,504",75%,"1,071,633",5%,"0",0%,"0",N,
